{"loss": [0.7944433093070984, 0.5719928741455078, 0.49545755982398987, 0.44381240010261536, 0.4049646854400635, 0.3784481883049011, 0.3589281737804413, 0.3380953371524811, 0.3313451111316681, 0.3214098811149597, 0.3013080954551697, 0.2920074760913849], "accuracy": [0.6767208576202393, 0.7764135003089905, 0.8062618374824524, 0.8274827599525452, 0.842155396938324, 0.8523545265197754, 0.8603534698486328, 0.8689495921134949, 0.8706874847412109, 0.8748857378959656, 0.8824966549873352, 0.8863346576690674], "val_loss": [2213.694580078125, 55.909996032714844, 15.083809852600098, 1.7917908430099487, 1.0778965950012207, 0.648983895778656, 0.6362626552581787, 0.44707202911376953, 0.4382615089416504, 0.5184480547904968, 0.5426334142684937, 0.5007736086845398], "val_accuracy": [0.30668285489082336, 0.46120020747184753, 0.5941490530967712, 0.7371068596839905, 0.773253858089447, 0.8238537311553955, 0.8331859707832336, 0.8550660610198975, 0.8639999628067017, 0.865691602230072, 0.8450192809104919, 0.8711406588554382]}